ds,yhat,yhat_lower,yhat_upper,month
2023-01-02,14.924984928571412,12.241473936029799,17.381099582269073,1
2023-01-03,14.744538787675655,12.257795957973014,17.33813054203806,1
2023-01-04,14.929249262692576,12.28447523307015,17.401420555837266,1
2023-01-05,14.919405437275618,12.4704732626496,17.520299797157403,1
2023-01-06,14.87774272897941,12.360105245995651,17.554908929614204,1
2023-01-07,14.867460793105703,12.47853815740599,17.392801523930675,1
2023-01-08,15.787470744909555,13.41109539605917,18.505976298225495,1
2023-01-09,15.649214510722457,13.081358842315879,18.28317392971684,1
2023-01-10,15.480875631889216,13.160013410619225,18.02384049530506,1
2023-01-11,15.666941627943867,13.140522993976008,18.219077881395027,1
2023-01-12,15.64791551038712,13.24592012663781,18.11959683281614,1
2023-01-13,15.586997759245317,13.143270650747693,18.12841729987205,1
2023-01-14,15.548093287842464,12.936139553662407,18.049414407013,1
2023-01-15,16.431041292494935,13.99818102166742,19.0855748887032,1
2023-01-16,16.248411220294056,13.662990967848554,18.768887480266645,1
2023-01-17,16.02968477099251,13.423401857486317,18.546003974958833,1
2023-01-18,16.16078478573858,13.408517481371133,18.569858028402948,1
2023-01-19,16.083749494692388,13.584093735156767,18.65829257388734,1
2023-01-20,15.963374427069821,13.445730315438063,18.4921513115379,1
2023-01-21,15.865177584049585,13.320125687883074,18.559913210580174,1
2023-01-22,16.690586900321026,14.214874617580728,19.102467590960348,1
2023-01-23,16.45369437934556,13.766432771381856,19.02524725633601,1
2023-01-24,16.18539796091455,13.700796174216647,18.83875613339959,1
2023-01-25,16.2728930750192,13.839583823935156,18.847283878755984,1
2023-01-26,16.159313382947325,13.40161229956223,18.67327278064613,1
2023-01-27,16.010343936509763,13.552064402506572,18.430726118870712,1
2023-01-28,15.892163155253288,13.494636767284696,18.34582815851014,1
2023-01-29,16.70661329595489,14.418090886569864,19.417371252916688,1
2023-01-30,16.46794427822818,13.914766289927208,19.06810544073116,1
2023-01-31,16.206952219964027,13.66055472116517,18.57690990666451,1
2023-02-01,16.310474738852818,13.845551361995172,18.99088302627672,2
2023-02-02,16.221042427059484,13.843420692636471,18.57258249865304,2
2023-02-03,16.103509441725954,13.387193602211154,18.49210733169447,2
2023-02-04,16.023019136223088,13.36684218047691,18.42103012007506,2
2023-02-05,16.88020375750812,14.331088100255814,19.541833321701162,2
2023-02-06,16.687962268230343,14.26304237938175,19.10148309415884,2
2023-02-07,16.47563670811995,14.129038640552906,18.89118467764919,2
2023-02-08,16.628548103715794,14.120397424284144,19.111735927242762,2
2023-02-09,16.587690207605018,14.09789206928962,19.050170859425286,2
2023-02-10,16.516402836543232,13.901183815298607,19.02120218656104,2
2023-02-11,16.478379545801058,14.199448016064531,18.885309671242403,2
2023-02-12,17.37290749636514,14.816857576819581,19.933495087087135,2
2023-02-13,17.211680275396883,14.816019905740797,19.758944686655298,2
2023-02-14,17.023013958324075,14.451534826531097,19.378738785833388,2
2023-02-15,17.19140468608169,14.533483438718017,19.625811915880345,2
2023-02-16,17.157247070930488,14.700398089041723,19.574918930659617,2
2023-02-17,17.083523671392847,14.4998138354636,19.686228200818256,2
2023-02-18,17.03382201174061,14.565764746528327,19.320797047628275,2
2023-02-19,17.90757675042651,15.269451608107977,20.427085981996843,2
2023-02-20,17.716879885114512,15.453109663777905,20.191138394581436,2
2023-02-21,17.490678520841055,15.003291149189607,19.9760011591839,2
2023-02-22,17.61432063061937,15.26395224032054,20.293092720181544,2
2023-02-23,17.52924683430947,15.083033709718853,20.239980118618853,2
2023-02-24,17.399650041669595,14.972879538768035,19.980579497486005,2
2023-02-25,17.290458102915657,14.834004221021532,19.687615435797493,2
2023-02-26,18.10253804755552,15.540710753898482,20.66652544136558,2
2023-02-27,17.84946587500654,15.318973468520179,20.480098148999478,2
2023-02-28,17.561682568207843,14.85223453555142,20.27556467201035,2
2023-03-01,17.62599794056647,15.132061900413003,20.070285619864624,3
2023-03-02,17.485241525956422,14.990735581864202,19.89964232632002,3
2023-03-03,17.304883510703743,14.730526789718436,19.869786727009537,3
2023-03-04,17.150981940519188,14.706065714843279,19.608089174848313,3
2023-03-05,17.925355778268035,15.157312182274934,20.725651792489852,3
2023-03-06,17.642328648712862,15.179258176713859,20.283267138101294,3
2023-03-07,17.33286466675228,14.800021296657789,19.810102684527802,3
2023-03-08,17.384058517138968,14.934467382724817,19.89707440721885,3
2023-03-09,17.23877936961181,14.72175077512021,19.630799147756843,3
2023-03-10,17.062291808918108,14.528971295842238,19.556642874241845,3
2023-03-11,16.920209994461253,14.38234483845852,19.65819526507077,3
2023-03-12,17.713684409607346,15.047256125780585,20.216061106377026,3
2023-03-13,17.456165629401717,14.821468369968617,19.97476220898948,3
2023-03-14,17.177565916649144,14.810929216077376,19.747249069947767,3
2023-03-15,17.263780065260132,14.73317135514138,19.72127567041836,3
2023-03-16,17.156364185216436,14.528053981381403,19.817521491366517,3
2023-03-17,17.01919460401259,14.580298355641625,19.48307859167897,3
2023-03-18,16.916462008729788,14.415684467480961,19.476298308698055,3
2023-03-19,17.74789904349456,15.105475071379086,20.246724570998982,3
2023-03-20,17.52558462409928,14.996065649671229,20.227143997494903,3
2023-03-21,17.27814462439085,14.607533941746148,19.74327915235975,3
2023-03-22,17.39030924281983,14.724112081737974,19.768162594159648,3
2023-03-23,17.302624709403652,14.824427397168257,19.782620376251383,3
2023-03-24,17.178140579897285,14.587912033168072,19.462277262157833,3
2023-03-25,17.080426945569307,14.613679315311247,19.691489611022558,3
2023-03-26,17.908819132410088,15.378565265694998,20.42729402327147,3
2023-03-27,17.67523268357735,15.119703118873979,20.126233468457674,3
2023-03-28,17.408367997531837,14.75718517531381,20.04801312114478,3
2023-03-29,17.493264841690788,15.006555357462105,19.96591261885398,3
2023-03-30,17.37100450882051,14.837348008020887,20.049017842449974,3
2023-03-31,17.20538116194012,14.77947506056937,19.742795188472346,3
2023-04-01,17.060897177946146,14.509392281706928,19.770668012107645,4
2023-04-02,17.83798071406793,15.323481518886874,20.641877492688536,4
2023-04-03,17.549769090521778,15.021755680389784,20.00302967771958,4
2023-04-04,17.22627828711112,14.779407486039531,19.73107811754104,4
2023-04-05,17.25391979770064,14.70903934502055,19.64338250670883,4
2023-04-06,17.075163702656766,14.603253347282559,19.610032276004826,4
2023-04-07,16.855170635042874,14.31403348771732,19.323144650247606,4
2023-04-08,16.659748585101706,14.293264571103107,19.270114025748466,4
2023-04-09,17.390533872933936,14.855678582770217,19.953054202175025,4
2023-04-10,17.061740928111202,14.478479466831216,19.713060835079396,4
2023-04-11,16.70430212882549,14.190058989003575,19.25672423716762,4
2023-04-12,16.70535978141238,14.022978480691489,19.199179500672084,4
2023-04-13,16.50790979543043,13.889549932946357,18.88292711334391,4
2023-04-14,16.27742026363392,13.839893116957315,18.84511408218622,4
2023-04-15,16.07978124826375,13.564185614331636,18.497238118936767,4
2023-04-16,16.816485274196467,14.24284803459137,19.23561539717881,4
2023-04-17,16.50138314743383,13.876878367795111,18.68116529405407,4
2023-04-18,16.16483614174489,13.572782053841335,18.695699945065204,4
2023-04-19,16.193226241555987,13.93693474577885,18.780625830931672,4
2023-04-20,16.028623432715307,13.536380138145056,18.471157469126776,4
2023-04-21,15.835432532837523,13.120734685659329,18.44122219553861,4
2023-04-22,15.678375012635234,13.213512224652332,18.39096977435621,4
2023-04-23,16.45770435133625,14.052775703127612,19.114657324636664,4
2023-04-24,16.18599850832157,13.926779556954978,18.749206070686004,4
2023-04-25,15.892349468878262,13.37308762737579,18.479463875324623,4
2023-04-26,15.961910450836122,13.45282413671748,18.591009755568027,4
2023-04-27,15.835598677975552,13.447058699328547,18.34186486361819,4
2023-04-28,15.67677517385432,13.17525698166273,18.073901839951702,4
2023-04-29,15.549256067192607,13.083031023004937,17.82073675863581,4
2023-04-30,16.352553097549894,13.729737536547812,18.91633032192039,4
2023-05-01,16.09868617972681,13.734839532387458,18.43002141207327,5
2023-05-02,15.816387412833635,13.435870685283554,18.274577075670507,5
2023-05-03,15.890656716852476,13.24723700761663,18.232183761217584,5
2023-05-04,15.762466778458089,13.311924961855311,18.321986360586973,5
2023-05-05,15.59543872138136,13.090925089685388,17.9273819866543,5
2023-05-06,15.453843140850918,12.850004009647321,18.051709393354162,5
2023-05-07,16.237824521118142,13.689012338707503,18.764945061052554,5
2023-05-08,15.960192396710163,13.38126793828786,18.361301773757667,5
2023-05-09,15.650599302331274,13.099782739221869,18.113348065155584,5
2023-05-10,15.695066490330996,13.14455719866185,18.164540591102952,5
2023-05-11,15.53565600707733,12.879613310652426,18.048712058563094,5
2023-05-12,15.337111539432149,12.74216743772866,17.855420992056878,5
2023-05-13,15.164823723781849,12.853733451836726,17.737935127625956,5
2023-05-14,15.92001901521123,13.297687907596327,18.43960240386905,5
2023-05-15,15.616516549946008,13.039904170918756,18.019964047966177,5
2023-05-16,15.284874080532903,12.838554062593534,17.808883040329746,5
2023-05-17,15.31188492888079,12.795857148106597,17.684679411346295,5
2023-05-18,15.140225417555316,12.689128238806646,17.564727284399407,5
2023-05-19,14.935075937110064,12.37900321180225,17.364651504584867,5
2023-05-20,14.76207194349206,12.418455383181271,17.2910601978873,5
2023-05-21,15.52248442229694,13.015121923270096,18.21406023967359,5
2023-05-22,15.229974516412764,12.69226402663875,17.6901702731869,5
2023-05-23,14.91474347655428,12.475123999212526,17.543559458076395,5
2023-05-24,14.963039773668324,12.399246386826727,17.569986265298777,5
2023-05-25,14.816822544578026,12.330016952144787,17.41288131336612,5
2023-05-26,14.640404064790959,12.098431037241538,17.11970727453436,5
2023-05-27,14.498426917514594,12.026825544522746,16.841855211619865,5
2023-05-28,15.291074627611968,12.960572333781005,17.769287562645207,5
2023-05-29,15.030859568383745,12.448510603062266,17.632806041317384,5
2023-05-30,14.746808317449908,12.113265373275892,17.263734157341,5
2023-05-31,14.82400525159441,12.565613441143014,17.225452475637088,5
2023-06-01,14.703292467712492,12.059885864868722,17.00387494628873,6
2023-06-02,14.547947636175227,11.983512602189421,16.952985285199794,6
2023-06-03,14.421694396630688,11.84048269135318,16.88142652614903,6
2023-06-04,15.223943065570797,12.61722611957777,17.828240337860077,6
2023-06-05,14.966604553251582,12.38334894559817,17.48951450347564,6
2023-06-06,14.678296871807106,12.2061504758038,17.289650084892436,6
2023-06-07,14.743904369375251,12.245322178133765,17.25367446949125,6
2023-06-08,14.604287281206918,12.109124221081931,17.13277488893516,6
2023-06-09,14.422962881549083,11.854560949255015,16.951194683013522,6
2023-06-10,14.264112707334009,11.708273278899494,16.78677163197988,6
2023-06-11,15.027813672052101,12.459248838106966,17.72247080637897,6
2023-06-12,14.72683620344558,12.256260681082887,17.268553752796677,6
2023-06-13,14.390829203581037,12.002709460329807,16.888354863703714,6
2023-06-14,14.405852551900209,11.830592275472057,17.034385096133523,6
2023-06-15,14.214055480407724,11.705074197793557,16.80071958659198,6
2023-06-16,13.980322974500789,11.547839613865452,16.475898970059053,6
2023-06-17,13.770245646831864,11.077993872036027,16.205728646061907,6
2023-06-18,14.485311957718695,11.976346391751607,16.821602416065364,6
2023-06-19,14.139667019353212,11.65559698049186,16.600132170137165,6
2023-06-20,13.764258902878844,11.156448089533487,16.191570412582895,6
2023-06-21,13.746334274118073,11.020953281393114,16.067056100194737,6
2023-06-22,13.529082745185319,10.968544851327346,16.046833999674142,6
2023-06-23,13.278253076089008,10.904218814646505,15.815163923384398,6
2023-06-24,13.060097548554944,10.587331901133082,15.652492654588624,6
2023-06-25,13.776544129414999,11.353939998137594,16.239642285735254,6
2023-06-26,13.441941252317656,10.982563664744122,15.935825701733245,6
2023-06-27,13.087196558681317,10.37913131126055,15.54446368778855,6
2023-06-28,13.099271663855195,10.771992683537576,15.637264238445212,6
2023-06-29,12.9208323869459,10.36080188059319,15.635314565614955,6
2023-06-30,12.716877439231892,10.222564380418675,15.116304068834436,6
2023-07-01,12.552701567469185,10.071672551073638,15.018108963538127,7
2023-07-02,13.32909226592159,10.770412135913535,15.840954805680784,7
2023-07-03,13.059104218966295,10.59248841679102,15.906038346396942,7
2023-07-04,12.772232003757837,10.220166609904702,15.253090029393627,7
2023-07-05,12.853942185820703,10.418488729995204,15.266986829083246,7
2023-07-06,12.745363217792626,10.389476923664676,15.264393478181303,7
2023-07-07,12.609955041798287,10.050297766610326,15.158313073207495,7
2023-07-08,12.511513262155127,9.803947026884961,14.984144685807225,7
2023-07-09,13.349405869324304,11.007648750897355,15.81490677389977,7
2023-07-10,13.13538557261292,10.512259850666421,15.746587348062876,7
2023-07-11,12.897797226562428,10.363279735274617,15.41850775681058,7
2023-07-12,13.021140528215769,10.5721329170588,15.611565798670455,7
2023-07-13,12.945785555698649,10.407848240304423,15.558617786914322,7
2023-07-14,12.834662347899549,10.177187333764229,15.380362913017827,7
2023-07-15,12.75127884979303,10.292079648733946,15.312158143776893,7
2023-07-16,13.59496483559765,10.950257567345833,16.04834962437673,7
2023-07-17,13.377684681868711,10.892308780805747,16.08733298898131,7
2023-07-18,13.128238478014397,10.655901466780456,15.741381207493875,7
2023-07-19,13.23181184134853,10.738773505299044,15.946419015468285,7
2023-07-20,13.129672378436222,10.716419937061263,15.758147305613562,7
2023-07-21,12.98583453411711,10.395945151113887,15.393103570740097,7
2023-07-22,12.865047848912967,10.381946553740567,15.20671271816548,7
2023-07-23,13.668007067455507,11.134017065014152,16.201469934604575,7
2023-07-24,13.408127911056312,10.913523441064306,16.001119649975035,7
2023-07-25,13.115709026428345,10.6190718366094,15.739832842131468,7
2023-07-26,13.177441556939602,10.65003040947315,15.712090325781224,7
2023-07-27,13.036065381164073,10.64560298068989,15.65810687050894,7
2023-07-28,12.856994856381053,10.306774777494304,15.283772816532542,7
2023-07-29,12.706270146213345,10.376252856120004,15.254570985074878,7
2023-07-30,13.485733566486667,10.891873013384565,15.906805678494258,7
2023-07-31,13.209775659527756,10.755744622784416,15.787362025905164,7
2023-08-01,12.909472287084276,10.608193185546195,15.27105905206414,8
2023-08-02,12.972074826560922,10.558358946666731,15.556014313371291,8
2023-08-03,12.84065299696318,10.376862536639589,15.465581238378242,8
2023-08-04,12.680713464764775,10.14894111457467,14.974330724171168,8
2023-08-05,12.558150444947087,10.044440960235539,15.140856907315088,8
2023-08-06,13.374427688651677,10.978324714947629,15.806679332998842,8
2023-08-07,13.14333634873429,10.571437670459442,15.771857895255975,8
2023-08-08,12.895149626234065,10.528659300018845,15.375917631901746,8
2023-08-09,13.016135739180202,10.611828821249029,15.562685579386557,8
2023-08-10,12.9482280577493,10.472401365766876,15.619967834664624,8
2023-08-11,12.855674754849431,10.389809506295126,15.273752039992303,8
2023-08-12,12.803023291507197,10.51213247442948,15.501519957096228,8
2023-08-13,13.6903381638786,11.221166642583228,16.360832532076042,8
2023-08-14,13.529995398048612,11.106606991006872,16.21831396581518,8
2023-08-15,13.350873678648501,10.799706580710147,16.026610204259715,8
2023-08-16,13.537902652964261,10.967481830112973,16.007780021671575,8
2023-08-17,13.531766300038505,11.018079523269908,16.022866546330814,8
2023-08-18,13.495582831261997,11.045817083555063,15.992664608869706,8
2023-08-19,13.49291565526612,10.988517062257632,15.920379044476833,8
2023-08-20,14.423013164703512,11.908001763020373,16.92794748661834,8
2023-08-21,14.297620296741382,11.772713951909306,16.67478787318324,8
2023-08-22,14.145181367305096,11.562006099327043,16.606010354853446,8
2023-08-23,14.35039449233465,11.93781522921934,17.03385402436678,8
2023-08-24,14.353915419035589,11.669503241217367,16.82128498243728,8
2023-08-25,14.319032328747554,11.777202263571082,16.829563812263928,8
2023-08-26,14.30966639606358,11.711742825249098,16.741213549600467,8
2023-08-27,15.225596260821735,12.72194028264858,17.783785114983054,8
2023-08-28,15.07924989736259,12.555259092517225,17.474145448452045,8
2023-08-29,14.899884030034283,12.301912823074241,17.290307121697804,8
2023-08-30,15.07311215273043,12.381704520947627,17.58861129062399,8
2023-08-31,15.040579792805447,12.56151847347061,17.41835611195419,8
2023-09-01,14.966609446020943,12.470619747631442,17.41602923536156,9
2023-09-02,14.916170854144406,12.319643689848345,17.212821599985297,9
2023-09-03,15.790075664248032,13.518539394578239,18.413678536524255,9
2023-09-04,15.601740806443019,13.087768954646775,18.187039183789487,9
2023-09-05,15.381341536468776,12.838709937670009,17.98844368777115,9
2023-09-06,15.515315921023946,12.944311305933718,18.183445163763906,9
2023-09-07,15.446020028842842,12.985307541051657,18.059849888291026,9
2023-09-08,15.338356762587468,12.81217787077451,17.838703329201618,9
2023-09-09,15.257734384002754,12.82031185339024,17.87088554772307,9
2023-09-10,16.10525401555008,13.846252571977807,18.482904504081702,9
2023-09-11,15.894470557536922,13.50312432561717,18.45668488074535,9
2023-09-12,15.655547926930671,13.0492685776277,18.01268172371296,9
2023-09-13,15.774770216557158,13.246020263355794,18.302884071577093,9
2023-09-14,15.69420772717004,13.149843439402275,18.25338473437314,9
2023-09-15,15.578360377211151,13.15242796805247,17.974244824718788,9
2023-09-16,15.492134007684744,13.145947257793525,18.035882194798795,9
2023-09-17,16.336048243543132,13.840694782158748,19.043694155000445,9
2023-09-18,16.12301966229331,13.622393699837007,18.654458251421733,9
2023-09-19,15.882540443424398,13.438892002981895,18.329020603408345,9
2023-09-20,16.000213343463187,13.352208567650003,18.625542883420316,9
2023-09-21,15.917441197551316,13.549048013438641,18.32485963385905,9
2023-09-22,15.798092726188385,13.367295771320396,18.238159335753853,9
2023-09-23,15.706499485674586,13.262700714885739,18.204845356836902,9
2023-09-24,16.542682012485493,13.991888590808074,19.10161910902798,9
2023-09-25,16.31914838660358,13.74793429155693,18.654985414641825,9
2023-09-26,16.06508496237192,13.672882609116227,18.60972305508162,9
2023-09-27,16.165899798872907,13.579238092882942,18.628857359737406,9
2023-09-28,16.062916798400376,13.403404395100043,18.716730914993395,9
2023-09-29,15.92004226384213,13.319859574115332,18.42644243123227,9
2023-09-30,15.801758770687393,13.351139948161798,18.248868848236196,9
2023-10-01,16.608344582277645,14.038912869721567,19.025744979293588,10
2023-10-02,16.352662125597632,13.773994207538745,18.747679191060744,10
2023-10-03,16.064335671442073,13.478238657911076,18.493405004689052,10
2023-10-04,16.129279235155995,13.597251455098215,18.527197921702893,10
2023-10-05,15.989373263054688,13.45478778271935,18.73801970739822,10
2023-10-06,15.809112425283988,13.32213208187441,18.49659402950035,10
2023-10-07,15.653580054064978,13.287568869412285,18.092309207392425,10
2023-10-08,16.42364811113867,14.075471956716152,18.920529568196866,10
2023-10-09,16.13274684769079,13.521740466322143,18.6894921976328,10
2023-10-10,15.81102491635552,13.422594693075341,18.346456503461635,10
2023-10-11,15.844861517635222,13.4797358990787,18.13240580830355,10
2023-10-12,15.676529644005669,13.200338280077377,18.099807164325018,10
2023-10-13,15.470833157631072,13.084008715898069,18.37923160198948,10
2023-10-14,15.293073559420211,12.75641743097715,17.937828642035438,10
2023-10-15,16.044245546568305,13.362971028554862,18.954106213449037,10
2023-10-16,15.737805623274037,13.186196331120641,18.275488377179553,10
2023-10-17,15.40383451151763,12.94792831822172,17.72727525800689,10
2023-10-18,15.428554818521464,12.866909404985638,18.14677974704294,10
2023-10-19,15.254002790550333,12.88045002028482,17.785358548958715,10
2023-10-20,15.044676555745331,12.521661222743035,17.297183040051788,10
2023-10-21,14.86551629272943,12.45172989737504,17.302024861446135,10
2023-10-22,15.617114927657171,13.190396561304066,18.27750815487131,10
2023-10-23,15.312503073489648,12.807771738697312,17.834917701623517,10
2023-10-24,14.981328369495818,12.364076287455186,17.412884606920283,10
2023-10-25,15.009390070773524,12.598698249370111,17.616033385602968,10
2023-10-26,14.838327112967342,12.348627278535655,17.452866641143213,10
2023-10-27,14.632281473106687,12.111030319629496,17.057068479030693,10
2023-10-28,14.455891723877409,11.830996254272913,16.860002022967414,10
2023-10-29,15.209514904972309,12.508484410640373,17.6642908131468,10
2023-10-30,14.906020023044427,12.319410637962878,17.388769871225865,10
2023-10-31,14.574973026371177,12.165720464295719,17.05154766550846,10
2023-11-01,14.60217389331395,11.876610141368424,17.158126289993685,11
2023-11-02,14.42934395772311,11.979121132190226,16.896546683477503,11
2023-11-03,14.220785302730617,11.623899004258119,16.78852393080032,11
2023-11-04,14.041367243517707,11.668909001959829,16.695705283740978,11
2023-11-05,14.791738255404276,12.072554649526857,17.259518341679637,11
2023-11-06,14.485106993534112,11.74883283380315,16.95716926782012,11
2023-11-07,14.151412676868505,11.736872083827132,16.615297141480625,11
2023-11-08,14.176845980205611,11.75776296634561,16.458493390086748,11
2023-11-09,14.00351912392352,11.531913697451749,16.628254442865934,11
2023-11-10,13.796107602874436,11.409646760734589,16.408305074275564,11
2023-11-11,13.619819208559315,11.071619726034701,16.113617124610986,11
2023-11-12,14.375589336910187,11.907554890246505,16.903087638320553,11
2023-11-13,14.076846845414638,11.434629162598503,16.758185597067317,11
2023-11-14,13.753671310176994,11.185137727377997,16.24099223072669,11
2023-11-15,13.792303345342438,11.248973606055346,16.386734611604023,11
2023-11-16,13.63480711598118,11.073904312079838,16.069582291331468,11
2023-11-17,13.445707834250781,10.87722801831247,16.000502964823756,11
2023-11-18,13.289960135371947,10.630390653743664,15.747065245775632,11
2023-11-19,14.068146452495268,11.672381785542738,16.537817943613348,11
2023-11-20,13.793249659254663,11.333544814223814,16.30639902291085,11
2023-11-21,13.494820711642937,10.982775005166529,16.041553279431888,11
2023-11-22,13.558502710439607,11.082732271053919,16.050073318864225,11
2023-11-23,13.425710157383932,10.961609237224332,16.004333391880802,11
2023-11-24,13.260285729832525,10.661245264364249,15.640187332790596,11
2023-11-25,13.126489911009548,10.734459538896894,15.616168963111082,11
2023-11-26,13.924221957435474,11.358509875157237,16.413204832021112,11
2023-11-27,13.665815775544297,11.141336793567671,16.128478724436956,11
2023-11-28,13.380230704082802,10.801430455449342,15.774377932579682,11
2023-11-29,13.452597872801347,10.99010537935775,16.114272420343482,11
2023-11-30,13.323920167576091,10.690673372477761,15.742330949643407,11
2023-12-01,13.157747414848599,10.612954527983765,15.778559481188625,12
2023-12-02,13.018181464794804,10.58255147077002,15.622224817289204,12
2023-12-03,13.80510907285531,11.239385108152614,16.074904018576603,12
2023-12-04,13.531005664991055,10.693831268027022,16.044386003519836,12
2023-12-05,13.22512960910514,10.713051997898416,15.726353059764904,12
2023-12-06,13.273067414970253,10.681388017834054,15.734017830342442,12
2023-12-07,13.116427781130483,10.694143791177575,15.581941155540608,12
2023-12-08,12.919506132411579,10.353879896422555,15.244643195184038,12
2023-12-09,12.74727450259387,10.393301563188665,15.0791683496634,12
2023-12-10,13.500594979056581,10.998152927212239,15.82161176190167,12
2023-12-11,13.193000247042228,10.872224808626552,15.784923129898884,12
2023-12-12,12.854861432502998,10.22621898014016,15.309188167249626,12
2023-12-13,12.87290435162894,10.43590214590811,15.252130484027257,12
2023-12-14,12.68987286222303,10.158117801674061,15.197010156248911,12
2023-12-15,12.471161806536209,10.108585708349471,15.016519059209221,12
2023-12-16,12.282775291781176,9.709927934992862,14.673541465514445,12
2023-12-17,13.026509436658356,10.475059197295908,15.44453093370837,12
2023-12-18,12.716704026560855,10.244366432011788,15.21295055697101,12
2023-12-19,12.384384147932224,9.810300640901394,14.755736416218936,12
2023-12-20,12.416753721984731,9.893370662819946,14.900652439752777,12
2023-12-21,12.25684036045718,9.518444953688613,14.958731709635574,12
2023-12-22,12.07011465363659,9.673737299285222,14.569277156735485,12
2023-12-23,11.922440130381123,9.425604937377795,14.543123288854657,12
2023-12-24,12.715253368657116,10.015822726210402,15.136989679571819,12
2023-12-25,12.46231889358174,9.994988173324861,15.06312059386261,12
2023-12-26,12.193879963807479,9.54240882292188,14.609257100883825,12
2023-12-27,12.296167029474047,9.759079327029475,14.8469106721432,12
2023-12-28,12.21106298153082,9.631372491821567,14.766685463604189,12
2023-12-29,12.10274784001328,9.677733768432136,14.791800822957919,12
2023-12-30,12.03567850972442,9.540200073299703,14.648159372363315,12
2023-12-31,12.909802337160755,10.196150479187045,15.449956751735925,12
2024-01-01,12.737348247146214,10.193755921152169,15.276674244546674,1
2024-01-02,12.547015610537201,9.88169931886452,15.236608459849826,1
2024-01-03,12.723521611642418,10.179817684112043,15.372510177577897,1
2024-01-04,12.70730518353562,10.240623935414074,15.161910567073667,1
2024-01-05,12.661209099459924,9.978750305556694,15.215210597673904,1
2024-01-06,12.648494811664298,10.073546515016059,15.17280765318282,1
2024-01-07,13.568087786204188,11.033716400154015,15.899900966944768,1
2024-01-08,13.431396207081809,10.884792060359128,15.961863998352804,1
2024-01-09,13.266522402708132,10.503414772800081,15.507473350685462,1
2024-01-10,13.457827095234098,10.817639064633603,16.111217975588904,1
2024-01-11,13.445644023182926,10.7487800600969,16.017319409692195,1
2024-01-12,13.39296617444259,10.869113049129588,15.763112863638996,1
2024-01-13,13.363458047556657,10.760370474031308,15.874547051948076,1
2024-01-14,14.25669170095343,11.859463109367608,16.65419887046462,1
2024-01-15,14.084949660184106,11.468106053692471,16.384286146416887,1
2024-01-16,13.87741441465282,11.299291383004135,16.42498106879348,1
2024-01-17,14.01970515531447,11.480416784588037,16.57428738403287,1
2024-01-18,13.953560013275428,11.192097296715819,16.314080045413967,1
2024-01-19,13.843485885496717,11.41284996032985,16.694735565701258,1
2024-01-20,13.75473123165956,11.166503061676957,16.24820239340193,1
2024-01-21,14.588480658596712,11.793322665518023,17.28167632020271,1
2024-01-22,14.358615480820552,11.878169749099024,16.93237508439751,1
2024-01-23,14.095861137783738,11.818503223356887,16.507140655845816,1
2024-01-24,14.187283267305169,11.88273259755797,16.927920270544302,1
2024-01-25,14.075931809646745,11.639106468166679,16.73804680348269,1
2024-01-26,13.927456278212215,11.304591698508656,16.39969706537968,1
2024-01-27,13.808048536322566,11.212897735569973,16.22196190168747,1
2024-01-28,14.61961273011863,12.126798246602279,17.104528226855763,1
2024-01-29,14.376507254323293,11.857706672238654,16.78705413519756,1
2024-01-30,14.109680154225412,11.773298096864789,16.646598696780003,1
2024-01-31,14.206160105374162,11.70614931627933,16.69170943125549,1
2024-02-01,14.10870249649573,11.526733362750115,16.635164923675045,2
2024-02-02,13.98241370680937,11.662475813394972,16.565361223047784,2
2024-02-03,13.892709677054198,11.442070380859626,16.34119460502411,2
2024-02-04,14.740507995056133,12.263530077803011,17.3463792909585,2
2024-02-05,14.538997765629658,12.11765686842168,17.066322572437272,2
2024-02-06,14.317807900125523,11.84985391486446,16.651496229480788,2
2024-02-07,14.46253505914789,12.060385360510443,16.940117692322545,2
2024-02-08,14.414429751119195,11.956890727633349,16.79704102257517,2
2024-02-09,14.337062568762066,11.76713064782075,16.77781628405053,2
2024-02-10,14.29432549833448,11.849365643032368,16.869734602138127,2
2024-02-11,15.185666335295698,12.748633903419206,17.94857760824136,2
2024-02-12,15.02289929964392,12.4904529353778,17.52275988203082,2
2024-02-13,14.834411353445386,12.249777970354646,17.359709498648606,2
2024-02-14,15.004724396948525,12.440537905108537,17.51731745369017,2
2024-02-15,14.974210894311504,12.582238008019882,17.454249149214757,2
2024-02-16,14.905784091810215,12.384078351599705,17.53707655122561,2
2024-02-17,14.862917099724163,12.298935851598925,17.459737531555888,2
2024-02-18,15.744888382343607,13.236477670687835,18.39630315349184,2
2024-02-19,15.563596448413287,12.999228548077316,18.046669794717644,2
2024-02-20,15.347763140424453,12.852766464781599,17.702681186304655,2
2024-02-21,15.482485794893233,13.112451666298377,17.884999459748506,2
2024-02-22,15.408936117580723,13.02296692704041,17.782673289905425,2
2024-02-23,15.291027418238212,12.929125539594398,17.91772340870347,2
2024-02-24,15.193405133135629,12.841357701634871,17.86550393791312,2
2024-02-25,16.016658993364473,13.351762904487797,18.481000620431903,2
2024-02-26,15.774100578384004,13.314074427085972,18.27485887754298,2
2024-02-27,15.495926706922804,13.006897666841953,18.10716126686564,2
2024-02-28,15.568730067879635,12.98968052559511,18.024311508417973,2
2024-02-29,15.435156110211878,12.773788339036598,17.94520700328751,2
2024-03-01,15.260529022733452,12.79196971986754,17.765692459166036,3
2024-03-02,15.110802895955855,12.444437291355683,17.798793600072177,3
2024-03-03,15.887737532416756,13.366605777491365,18.425441409728467,3
2024-03-04,15.60564366646267,12.932760623740633,17.997438644087516,3
2024-03-05,15.295518951361492,12.7891624635598,17.7811792552983,3
2024-03-06,15.344536880560103,12.816982847646068,17.821057025438893,3
2024-03-07,15.195688263327723,12.594652450703776,17.769167136186976,3
2024-03-08,15.01439850700677,12.460124895556007,17.615148428942845,3
2024-03-09,14.866477027554758,12.498893769126404,17.34500717151545,3
2024-03-10,15.653298286517591,13.073396184938563,18.322282235418182,3
2024-03-11,15.388559048505668,12.829258573788566,17.86060903501657,3
2024-03-12,15.102432856682256,12.93875982556645,17.588779808033717,3
2024-03-13,15.181083349841801,12.614001374131957,17.923323163210764,3
2024-03-14,15.066335331071489,12.539012484175785,17.514301431433637,3
2024-03-15,14.922325983433616,12.46099456926092,17.547617214450405,3
2024-03-16,14.813491575946754,12.219632730933858,17.442208878374938,3
2024-03-17,15.63978808600677,12.980550108974077,18.184012301472425,3
2024-03-18,15.413489197726815,12.859033330790608,17.906797697228708,3
2024-03-19,15.163381508960729,12.828236365774046,17.61146475870974,3
2024-03-20,15.274317409282126,12.76202668467335,17.673075245979213,3
2024-03-21,15.186923414058116,12.672727930811753,17.560365636498833,3
2024-03-22,15.064285294062705,12.570104419308917,17.63530719583781,3
2024-03-23,14.969964386700761,12.458125756358855,17.540644057277007,3
2024-03-24,15.803242683860283,13.274506220618104,18.553013560429896,3
2024-03-25,15.575939474372328,12.985984553538636,18.260215507744824,3
2024-03-26,15.316618861243738,12.859337879662483,17.99094431881314,3
2024-03-27,15.410148286328575,12.883604725421232,18.00740542967223,3
2024-03-28,15.297405710264972,12.801566375560153,17.893850344484285,3
2024-03-29,15.141956845299571,12.670764154671936,17.465403926530893,3
2024-03-30,15.008057078668513,12.497965978453289,17.389812388551224,3
2024-03-31,15.795876118861733,13.33664962697087,18.383705093315907,3
2024-04-01,15.518288752469227,13.101901313253661,18.12864669116015,4
2024-04-02,15.205051796113358,12.788867096445516,17.675181128703464,4
2024-04-03,15.242328272378911,12.653509403702987,17.75562955510106,4
2024-04-04,15.072357459686959,12.439171214990902,17.670297519782373,4
2024-04-05,14.860093292298519,12.262405406861513,17.380030330209372,4
2024-04-06,14.67116687195817,12.143270173805766,17.113076756081274,4
2024-04-07,15.407072259772635,12.663117959135482,17.99121360821206,4
2024-04-08,15.081920052049487,12.387125812842962,17.818216738884463,4
2024-04-09,14.726579887955198,12.39860756700193,17.220647225483138,4
2024-04-10,14.728173898097689,12.185294657881531,17.26997165395126,4
2024-04-11,14.52972061273301,12.120546650237845,17.02013792945464,4
2024-04-12,14.296752538411933,11.844626191818447,16.773119793627725,4
2024-04-13,14.09526374002129,11.49343269433007,16.73562579781551,4
2024-04-14,14.826886999086739,12.402105866398434,17.38653321491421,4
2024-04-15,14.505645269839604,12.055923615467686,16.99382106944508,4
2024-04-16,14.162098608476782,11.627408949651594,16.656591493164527,4
2024-04-17,14.182848421919756,11.772492976625916,16.671498294304246,4
2024-04-18,14.010198206849646,11.6563944133578,16.406136920337634,4
2024-04-19,13.808793465534203,11.295278298381072,16.246122361326446,4
2024-04-20,13.64359645449714,11.00875804631826,16.096499963936328,4
2024-04-21,14.415094517724981,11.9236993468525,16.86997340021544,4
2024-04-22,14.13608579277922,11.57424962319707,16.56455024767952,4
2024-04-23,13.835862445826956,11.355607387934665,16.381701546609833,4
2024-04-24,13.899752206189639,11.25312948246254,16.469503560081748,4
2024-04-25,13.768816270912057,11.32011428407485,16.222531668641377,4
2024-04-26,13.606525173213337,11.061433303195283,16.094783958546614,4
2024-04-27,13.47676721801017,11.013442019114407,16.001447340697307,4
2024-04-28,14.279087253699144,11.70548982249669,16.62198437817122,4
2024-04-29,14.02549868532788,11.588998157944808,16.66999715737812,4
2024-04-30,13.744688126630049,11.088985275733991,16.22717107845514,4
2024-05-01,13.821572849923102,11.27704514236982,16.330284389574757,5
2024-05-02,13.697008657126704,11.110680823144051,16.24616840527866,5
2024-05-03,13.534469495922297,10.953812695325183,15.981823102069992,5
2024-05-04,13.39805333911367,10.826535941193013,15.816469371626985,5
2024-05-05,14.187712198356966,11.478435943169412,16.610452853133634,5
2024-05-06,13.916049462892179,11.569490047568214,16.4988753368588,5
2024-05-07,13.612504421225404,11.177140004128601,16.079051971944903,5
2024-05-08,13.662884746192631,11.008307795316549,16.16893893167737,5
2024-05-09,13.509045330611748,11.019134320788568,16.02514567928464,5
2024-05-10,13.315535681080554,10.84158379066305,15.778514504817853,5
2024-05-11,13.147571365064037,10.684842992300055,15.662219845321859,5
2024-05-12,13.90622842393497,11.534181828874372,16.25959649002957,5
2024-05-13,13.60520501775162,11.076275259600052,16.076866117680982,5
2024-05-14,13.274971236743315,10.794524911846873,15.817700431171719,5
2024-05-15,13.302268906887331,10.911674002938364,16.100705315917658,5
2024-05-16,13.129760762794687,10.588741994510691,15.568193952794166,5
2024-05-17,12.922652091442101,10.456549524949489,15.363377414535371,5
2024-05-18,12.74664112121355,10.394219225231229,15.282472143394747,5
2024-05-19,13.50309770865459,10.841670320181485,16.05443490443706,5
2024-05-20,13.20581506992095,10.746393716337934,15.756288142971847,5
2024-05-21,12.885155800198087,10.272464940006888,15.530411655296344,5
2024-05-22,12.927554134754669,10.521951355846413,15.27207204294236,5
2024-05-23,12.775173765270674,10.324930857905452,15.367063259165008,5
2024-05-24,12.592544070999763,10.042160347650983,15.227678623711135,5
2024-05-25,12.444530618096511,10.052265259645516,14.988552438650878,5
2024-05-26,13.231538893211338,10.838392612654348,15.720651239142713,5
2024-05-27,12.966295284141243,10.399379515450146,15.537871455756838,5
2024-05-28,12.678025689964368,10.145375836386531,15.256251189787534,5
2024-05-29,12.751992752208897,10.407863911582627,15.183684076983258,5
2024-05-30,12.629189985149441,10.00609701267906,15.025189110379465,5
2024-05-31,12.473014586430093,9.982056462689277,14.891780059151927,5
2024-06-01,12.347273691584913,9.817133716532215,14.937614402278852,6
2024-06-02,13.151421969394304,10.599404854133695,15.799234850987437,6
2024-06-03,12.897373553751294,10.298391959915168,15.347564970852588,6
2024-06-04,12.613707759234217,10.257774238166617,15.166037720448298,6
2024-06-05,12.685228746202155,10.253895134518372,15.315553070741155,6
2024-06-06,12.552676721618662,9.82121779191102,14.982350325851671,6
2024-06-07,12.379411919363637,9.989772805454967,14.882995516656843,6
2024-06-08,12.229425756472281,9.765644689933525,14.649475789298577,6
2024-06-09,13.002576876836743,10.420857650358602,15.621594211745435,6
2024-06-10,12.711395079865392,10.250347103488043,15.077542164143416,6
2024-06-11,12.38527277104599,10.045976265229843,14.90801508872646,6
2024-06-12,12.410004472642356,10.086134614215046,15.066803020066793,6
2024-06-13,12.227472525631688,9.791870458491996,14.916851603283696,6
2024-06-14,12.002300928502075,9.51616799630359,14.442437128081382,6
2024-06-15,11.799832548401483,9.335182825336766,14.29313326829724,6
2024-06-16,12.521328368359777,10.043244536842531,15.026764737788659,6
2024-06-17,12.18073280629612,9.581270109511665,14.680781415561396,6
2024-06-18,11.808825837159372,9.201331870400747,14.484335769073025,6
2024-06-19,11.79272357575428,9.272414303563579,14.272330990241276,6
2024-06-20,11.575526563363255,8.96960184397913,14.251157960522011,6
2024-06-21,11.322938776575063,8.77639405131003,13.78280906992955,6
2024-06-22,11.101213596520823,8.561100006699206,13.645127009488187,6
2024-06-23,11.812326305994436,9.373116084176685,14.331725654239674,6
2024-06-24,11.470717928972547,8.982906148642314,13.962164420706278,6
2024-06-25,11.107431775182585,8.4724292230384,13.684286651166051,6
2024-06-26,11.109604812950447,8.656465254298487,13.595923944952858,6
2024-06-27,10.920113399858192,8.318354081744255,13.252483411952444,6
2024-06-28,10.704196488470771,8.374694524229753,13.392962254381011,6
2024-06-29,10.527412453613525,7.998892824960172,13.209104913426,6
2024-06-30,11.290828828790758,8.649141855265547,13.701569525939712,6
2024-07-01,11.00778930596157,8.351344132893095,13.285815515244419,7
2024-07-02,10.708078733755572,8.000245137663565,13.257695506235859,7
2024-07-03,10.777447459955658,8.138079607795305,13.101663864791895,7
2024-07-04,10.657293642838097,8.233215939011272,13.283702174547594,7
2024-07-05,10.511325641459553,7.988674158732024,13.06182860882291,7
2024-07-06,10.403559550721159,7.948804547430272,12.732668617411882,7
2024-07-07,11.233550044941675,8.805550989303189,13.720676646454535,7
2024-07-08,11.013197749116621,8.70297318155853,13.514689200403621,7
2024-07-09,10.770952758475683,8.303404069144248,13.272652748208218,7
2024-07-10,10.891374589821176,8.314252475966466,13.368995586090307,7
2024-07-11,10.81484620872894,8.290567458720389,13.575491784652108,7
2024-07-12,10.704263371649727,8.163469843608096,13.241448225829204,7
2024-07-13,10.623053611197145,8.213682867311862,13.178801105639684,7
2024-07-14,11.470422445067234,9.017438660669743,13.9181838386981,7
2024-07-15,11.258169614528157,8.906160738015952,13.845291854283781,7
2024-07-16,11.014894741197967,8.582948664137195,13.489736966429135,7
2024-07-17,11.125552641033055,8.726831682296256,13.537213738693062,7
2024-07-18,11.031156083024218,8.715563730437232,13.531782984590906,7
2024-07-19,10.895447558450888,8.425896712861993,13.602161645307467,7
2024-07-20,10.78289488933671,8.248785250958516,13.298828536625356,7
2024-07-21,11.593908915779426,9.006429545942146,14.067596598328603,7
2024-07-22,11.341626867063137,9.029964160174881,13.768268360340501,7
2024-07-23,11.056081721093797,8.409432608172356,13.642657468522671,7
2024-07-24,11.123718797368676,8.344742075436287,13.526620414083832,7
2024-07-25,10.987058439348102,8.360280756033912,13.42457706452647,7
2024-07-26,10.811327452101171,8.23053978624737,13.114716392055627,7
2024-07-27,10.66241522470213,8.156990803979815,13.220335378382206,7
2024-07-28,11.442053847791522,8.725352180276909,14.087611260389776,7
2024-07-29,11.164566842090764,8.5304156256073,13.945793111219057,7
2024-07-30,10.861007725511778,8.271271966446909,13.465243499828658,7
2024-07-31,10.918650474064645,8.287996253678111,13.50324301083471,7
2024-08-01,10.780631407511423,8.34484497629416,13.16580503619144,8
2024-08-02,10.612565687728807,8.126196687245985,13.152009912838036,8
2024-08-03,10.480494714979084,8.047957250273745,12.957195980538437,8
2024-08-04,11.28606391316775,8.743039482515227,13.802317330174178,8
2024-08-05,11.043275521765272,8.498361729935292,13.597603574052538,8
2024-08-06,10.782637446721722,8.507108471906053,13.159209197153594,8
2024-08-07,10.890669879422653,8.529691929312351,13.458645846434793,8
2024-08-08,10.809568709041661,8.323892617705672,13.37002860679811,8
2024-08-09,10.703848266791125,8.102864278772682,13.27671373188081,8
2024-08-10,10.638318913770437,8.15568281978882,13.192809570300259,8
2024-08-11,11.513298088857706,8.863488116838536,13.856177902006682,8
2024-08-12,11.341398484401134,8.872333600727334,13.931756819033147,8
2024-08-13,11.151713404244664,8.756298369449457,13.819270926316687,8
2024-08-14,11.32935999654976,8.78688389594921,13.764649153175068,8
2024-08-15,11.31517837983078,8.688123087520946,14.041129989535655,8
2024-08-16,11.272408232507765,8.824493502625002,13.753114116280111,8
2024-08-17,11.264697454609315,8.658184383331665,13.820554700141889,8
2024-08-18,12.191340705458082,9.588564759453845,14.683373620549148,8
2024-08-19,12.06409078469296,9.581187695505111,14.60272418714929,8
2024-08-20,11.911362341674836,9.460851476996577,14.42009373288522,8
2024-08-21,12.11778818163102,9.521568674719756,14.5836358771972,8
2024-08-22,12.123925918561767,9.563600687616,14.731064057498354,8
2024-08-23,12.092936438025111,9.416515508082373,14.587132274676998,8
2024-08-24,12.088588833476631,9.560443238357783,14.460830956654783,8
2024-08-25,13.010489833332555,10.45705725172977,15.383980443615757,8
2024-08-26,12.870881049466396,10.4547239665195,15.480979204187275,8
2024-08-27,12.698824032890698,9.933320353350856,15.12368811242772,8
2024-08-28,12.879734026568318,10.30537681518491,15.341310458126701,8
2024-08-29,12.855060888176114,10.203539204973252,15.299949743656,8
2024-08-30,12.788939447265086,10.293177606315837,15.244797084651308,8
2024-08-31,12.746164816092683,10.279640982072332,15.107512012882614,8
2024-09-01,13.627391555196564,10.936082251182476,16.058533124060673,9
2024-09-02,13.44590091049294,10.84300583020989,16.146612390615605,9
2024-09-03,13.231756969829359,10.764651460551605,15.83462181590894,9
2024-09-04,13.371313442329477,10.987705909707167,15.774292106562335,9
2024-09-05,13.306870274772914,10.844325419708806,15.615724211025372,9
2024-09-06,13.203303018215141,10.650400731700367,15.661005374760615,9
2024-09-07,13.126021002414406,10.709415538396083,15.695204363613385,9
2024-09-08,13.976153632982555,11.46084546906652,16.576952287490354,9
2024-09-09,13.767309306937374,11.275470339022819,16.226098581821567,9
2024-09-10,13.5297279326139,11.183677627320867,15.963718985747285,9
2024-09-11,13.64978875250911,11.331462633536495,16.2606544138419,9
2024-09-12,13.569672538263019,11.16388174429177,16.043550759235174,9
2024-09-13,13.454000792372401,10.74338303248131,15.963098920491387,9
2024-09-14,13.367807612635987,10.788999759903001,15.910703399993439,9
2024-09-15,14.211743023781711,11.857062333757524,16.616322393903403,9
2024-09-16,13.998851670067925,11.353065159986558,16.480743929162426,9
2024-09-17,13.758747181085727,11.236398717152627,16.135477738277995,9
2024-09-18,13.877143185672013,11.161860319977315,16.377045610759524,9
2024-09-19,13.795539292390673,11.218979432701735,16.348076374137342,9
2024-09-20,13.67788391680007,11.056541540035509,16.30472257468637,9
2024-09-21,13.58856887687133,11.303633556346146,16.103815314875817,9
2024-09-22,14.427653868301773,11.979821136814929,16.713399713254418,9
2024-09-23,14.20766408365278,11.708274088716227,16.58852142810886,9
2024-09-24,13.957780738948271,11.374847041540392,16.434602925974072,9
2024-09-25,14.063385031217978,11.482287680142079,16.394195530320165,9
2024-09-26,13.965753503667592,11.363976244578758,16.422540745801143,9
2024-09-27,13.828726475703421,11.271410787424136,16.32008991324995,9
2024-09-28,13.716704360038692,11.118659807029074,16.36583211735439,9
2024-09-29,14.529870004762863,12.146174088955984,16.941337246499366,9
2024-09-30,14.280980472909931,11.764027946919487,16.680283511459823,9
2024-10-01,13.99954828787527,11.66399467520956,16.630208558069295,10
2024-10-02,14.071373038862003,11.604089512897305,16.718812389994152,10
2024-10-03,13.938221786505181,11.416552563161444,16.597547611089176,10
2024-10-04,13.764480466008774,11.350077919278922,16.337149272267723,10
2024-10-05,13.615131708486938,11.019284873100707,16.069947689386023,10
2024-10-06,14.390957855262556,12.058660334418313,16.908476830674818,10
2024-10-07,14.105313231854302,11.777845543941504,16.710726652323583,10
2024-10-08,13.788286360278276,11.325459447512841,16.339963102559658,10
2024-10-09,13.826213629093504,11.134772481647893,16.354749939252105,10
2024-10-10,13.661343441568484,11.021048667308357,16.091317107740995,10
2024-10-11,13.458473556123682,11.02325349387398,16.02787085004429,10
2024-10-12,13.282917476878671,10.849628329506157,15.903728447798114,10
2024-10-13,14.035699013033682,11.470043661102983,16.53866974730258,10
2024-10-14,13.730319314165808,11.291308982852566,16.244182845612325,10
2024-10-15,13.396917189899968,11.044768381085275,15.972371707451098,10
2024-10-16,13.421784249138128,10.863542729596006,15.926245953693138,10
2024-10-17,13.247033781524374,10.666471117719249,15.582045437387327,10
2024-10-18,13.037245887929776,10.597590209021094,15.568255314776412,10
2024-10-19,12.857444408538726,10.557012915439861,15.408226389709423,10
2024-10-20,13.608304366922058,11.229703222750624,16.129719976283457,10
2024-10-21,13.302933759616337,10.620341080144623,15.87833559844577,10
2024-10-22,12.97104996112477,10.415470270329443,15.343127590689342,10
2024-10-23,12.998511698382433,10.627334876822813,15.493513482699356,10
2024-10-24,12.82700491305602,10.237924649535804,15.301371182967019,10
2024-10-25,12.620704411495002,10.06928063226847,15.187737018216806,10
2024-10-26,12.44426626161041,9.895009306033428,14.73963276131082,10
2024-10-27,13.198049103249536,10.661107947855825,15.568014164476445,10
2024-10-28,12.894907705891777,10.32273054783827,15.42935234278002,10
2024-10-29,12.564378620712512,10.18770608530661,14.80994926450354,10
2024-10-30,12.592218545440305,9.980401634806562,15.079273745651351,10
2024-10-31,12.42009348356207,9.940177588349764,14.921125705044586,10
2024-11-01,12.212240467975938,9.830517332899527,14.717418444667592,11
2024-11-02,12.03345679055799,9.562219634544125,14.539542457137882,11
2024-11-03,12.784314999525112,9.966713195618164,15.296509094128977,11
2024-11-04,12.477947204249094,9.95718349348671,15.045939117575378,11
2024-11-05,12.144218844697534,9.667395053956112,14.691523748387707,11
2024-11-06,12.169252948688843,9.680773305040457,14.864230697656616,11
2024-11-07,11.995103445122561,9.566907544675436,14.515912672930497,11
2024-11-08,11.786399855933618,9.26468817219657,14.231369515905895,11
2024-11-09,11.608318909257907,8.987189183945716,13.98170999101514,11
2024-11-10,12.361781965227815,9.919522321782479,14.690288103592437,11
2024-11-11,12.06022243144192,9.599258729997095,14.624220731317015,11
2024-11-12,11.733743949325834,9.153170905727405,14.274017440275097,11
2024-11-13,11.768630964307082,9.198807318284267,14.240579406916897,11
2024-11-14,11.607010783148407,8.873480847820414,14.16868355651079,11
2024-11-15,11.41348990358438,8.942168601582914,14.079995946410124,11
2024-11-16,11.25312053166749,8.57137396624697,13.818739226977376,11
2024-11-17,12.026596448197644,9.502427828395167,14.636579221055012,11
2024-11-18,11.747022557646716,9.060175385377724,14.237582263047386,11
2024-11-19,11.444078936688316,8.969496313621315,13.775743123990548,11
2024-11-20,11.503540907228263,8.903785376435492,14.02559690091189,11
2024-11-21,11.36695402632524,8.939904740953978,14.00941023044823,11
2024-11-22,11.198286448665248,8.582512429548121,13.687560299210167,11
2024-11-23,11.061914137598277,8.548391231343325,13.47824290195881,11
2024-11-24,11.85783754892775,9.241282902468882,14.4397931970498,11
2024-11-25,11.598473501174071,9.106111699109302,14.235410696111204,11
2024-11-26,11.312842365584727,8.696064062516188,13.65285237500562,11
2024-11-27,11.38611137323508,8.697495201445482,13.889861499325475,11
2024-11-28,11.259292182649704,8.78054597429335,13.858580237762391,11
2024-11-29,11.095914416390382,8.664212149958235,13.480602559709144,11
2024-11-30,10.960029920843093,8.49381191575217,13.524307661403464,11
2024-12-01,11.751445700001392,9.187311779281757,14.254014143159013,12
2024-12-02,11.482528634192027,8.913127000288014,14.106032377085421,12
2024-12-03,11.182401604830366,8.821720496757104,13.629565663182904,12
2024-12-04,11.236491418839087,8.644962625844903,13.624735147127714,12
2024-12-05,11.086226395372952,8.538129074375838,13.593763018585415,12
2024-12-06,10.895705176825874,8.468226979540265,13.416446688239269,12
2024-12-07,10.729691513055364,8.271984701724636,13.147992853277808,12
2024-12-08,11.488833108797788,8.907899963875014,14.053870760292344,12
2024-12-09,11.186447927334422,8.745492314468096,13.879771406669722,12
2024-12-10,10.852697990847735,8.06125511748284,13.398938660934393,12
2024-12-11,10.874111617849033,8.319391025151823,13.361470699277751,12
2024-12-12,10.69325262036684,8.147716875045905,13.079305086636415,12
2024-12-13,10.475358778693336,7.856561646972278,13.201318379103164,12
2024-12-14,10.286305173496782,7.904778236748605,12.814264474955934,12
2024-12-15,11.027791347817383,8.591458782513241,13.532441102063316,12
2024-12-16,10.714096601051946,8.282536465467341,13.384733327609714,12
2024-12-17,10.376224364500118,7.898912833583626,12.725385614994748,12
2024-12-18,10.40139748129301,7.725891027293654,12.975356503697475,12
2024-12-19,10.23270374266488,7.5538524988769815,12.741529368840416,12
2024-12-20,10.03571474932245,7.542777737665501,12.687172253685608,12
2024-12-21,9.876434327004516,7.345534651310187,12.569255153510124,12
2024-12-22,10.656475995720607,8.147188100033093,13.199938421998853,12
2024-12-23,10.389814182154819,7.93436365047535,12.983773259502506,12
2024-12-24,10.10693035899471,7.661920643488213,12.683127536307278,12
2024-12-25,10.194316005867567,7.683248476006933,12.921429404315083,12
2024-12-26,10.094131648798228,7.64293252942397,12.685386235748258,12
2024-12-27,9.97084478508607,7.673595136846558,12.428456360378783,12
2024-12-28,9.889202499169482,7.5953781760916,12.351320620717695,12
2024-12-29,10.749437693588122,8.423792176463229,13.20417707267007,12
2024-12-30,10.56405291150246,8.130340831154866,13.096758885529274,12
2024-12-31,10.36200210243683,7.831387546822272,12.81589002830333,12
2025-01-01,10.528231296891093,8.153544560103821,12.981387328074472,1
2025-01-02,10.503376445879763,8.040036400212196,12.932293540749747,1
2025-01-03,10.450440187179845,7.952705843016473,12.803492272580131,1
2025-01-04,10.432802283656063,7.901370001764324,12.794374391977506,1
2025-01-05,11.349461612271526,8.975342993232058,14.129603238539715,1
2025-01-06,11.211852679235893,8.769966891229158,13.605746349382176,1
2025-01-07,11.048056085310325,8.4193535295038,13.638646449217127,1
2025-01-08,11.242363079465708,8.698202463837742,13.809198998196425,1
2025-01-09,11.234991754236995,8.407013236894048,13.771592942016426,1
2025-01-10,11.188776087620306,8.803578361024359,13.6249024788021,1
2025-01-11,11.167182182767835,8.478137598194234,13.533545737331481,1
2025-01-12,12.069549365450944,9.38752012207942,14.74234010392278,1
2025-01-13,11.907899079434129,9.291277229054629,14.235196439105154,1
2025-01-14,11.711131154221786,9.177989971823655,14.292051311960554,1
2025-01-15,11.864567917048202,9.43397126474127,14.41077705427167,1
2025-01-16,11.8096442114874,9.11127365392664,14.360425983666534,1
2025-01-17,11.710565198897664,9.154333194123502,14.4316146460731,1
2025-01-18,11.632287110213985,9.143426656504273,14.190063957160797,1
2025-01-19,12.475719547259603,9.822516712616583,14.879134048023948,1
2025-01-20,12.254493310458825,9.808233089156419,14.708730483336353,1
2025-01-21,11.999114433263797,9.48293475000917,14.528650841916493,1
2025-01-22,12.096466039660482,9.547537314857074,14.566182250616407,1
2025-01-23,11.98945723836399,9.445572201492288,14.495982218107175,1
2025-01-24,11.843642055820759,9.365673166407555,14.440078560541078,1
2025-01-25,11.72516464438984,9.204570155541479,14.402670087850323,1
2025-01-26,12.53593034648569,10.082464575856497,14.928514125196894,1
2025-01-27,12.290347458037225,9.799349872187713,14.871164451132572,1
2025-01-28,12.019461098207502,9.33465977623178,14.612883819993035,1
2025-01-29,12.11044136740317,9.492364719600412,14.685156225848626,1
2025-01-30,12.00622539559079,9.446262332695568,14.642869541779769,1
2025-01-31,11.872136482543809,9.41036376264172,14.336383826082479,1
2025-02-01,11.773836570609586,9.263811231246432,14.481340362973505,2
2025-02-02,12.612511439230657,9.988017350029551,15.02020474283261,2
2025-02-03,12.401633081654797,9.922508028017079,14.901308069111375,2
2025-02-04,12.17112010696746,9.525141489230824,14.635114187861447,2
2025-02-05,12.306857619860528,9.696351077909302,14.774105662834769,2
2025-02-06,12.250375304994979,9.863107493107218,14.96092968023693,2
2025-02-07,12.165505920835294,9.643937379197123,14.701643702322416,2
2025-02-08,12.116379353274944,9.57176639425404,14.521184570510332,2
2025-02-09,13.002650464575114,10.498729920896837,15.50121543219848,2
2025-02-10,12.836304013493232,10.483792793741774,15.510926697410916,2
2025-02-11,12.64585630737686,9.98695883697812,15.184961874655182,2
2025-02-12,12.815913891881017,10.19144735837477,15.371943125159467,2
2025-02-13,12.786886926175782,10.141846166452492,15.133471835489457,2
2025-02-14,12.721678467921809,10.337560311141852,15.060875314846284,2
2025-02-15,12.68370396362638,10.101900814563932,15.016630766359604,2
2025-02-16,13.572138475449524,10.970307671856416,16.176896761697744,2
2025-02-17,13.39873438602109,11.017153754533549,15.981129423438103,2
2025-02-18,13.192028892975918,10.626199315456065,15.908395700975335,2
2025-02-19,13.336901445105447,11.040352867199223,15.821537429054937,2
2025-02-20,13.27427881378137,10.547928833462867,15.8504086784707,2
2025-02-21,13.16780926809592,10.621241330239537,15.661627258118132,2
2025-02-22,13.081860584965227,10.55108355219215,15.6366409111706,2
2025-02-23,13.916740040042749,11.449933815972622,16.490825028725236,2
2025-02-24,13.685479897400011,11.042251352237585,16.171029121776453,2
2025-02-25,13.418008625850407,10.911080508110048,15.877338920171765,2
2025-02-26,13.500669023564138,11.082776431730794,16.07377487719099,2
2025-02-27,13.37588205888367,10.770453547700672,15.831149786854459,2
2025-02-28,13.208779062752603,10.666302836860748,15.835286845125092,2
2025-03-01,13.065158190729392,10.487894798735569,15.613226955544981,3
2025-03-02,13.846664472999946,11.399195088467549,16.303039481037203,3
2025-03-03,13.56753809573021,10.97240172881622,16.358370610684897,3
2025-03-04,13.258752187674736,10.752449567527302,15.85080619025681,3
2025-03-05,13.307502230937168,10.943465516825155,15.859367027828728,3
2025-03-06,13.156846705530636,10.66472979047238,15.592209148671772,3
2025-03-07,12.972322246973558,10.485092325377153,15.561718887917266,3
2025-03-08,12.81988970239435,10.250209349451778,15.345226354469498,3
2025-03-09,13.601110681936047,10.940425555333245,16.04115531282464,3
2025-03-10,13.329899330205485,11.141780413273372,15.86549276629294,3
2025-03-11,13.036670474181602,10.530145900806856,15.648887816103896,3
2025-03-12,13.107845953683496,10.633021584922323,15.529217719547884,3
2025-03-13,12.985518245287022,10.433353108724267,15.351674243917234,3
2025-03-14,12.834093988614452,10.284618929891419,15.296877270537859,3
2025-03-15,12.718272978215031,10.236020279524006,15.31575808549176,3
2025-03-16,13.538261267256955,11.130535275319799,16.066507770531913,3
2025-03-17,13.306562056385795,10.802723016592964,15.853200659435986,3
2025-03-18,13.052164402229357,10.650457964528615,15.593659370273938,3
2025-03-19,13.16009039132319,10.510527818748917,15.631414513498573,3
2025-03-20,13.071098725011176,10.64251429772897,15.629552066632039,3
2025-03-21,12.948366187250867,10.365113744705896,15.40102997471021,3
2025-03-22,12.855501482387037,10.400030364519951,15.35508980209078,3
2025-03-23,13.691789104523574,11.267445716096287,16.293898344695556,3
2025-03-24,13.469006046866033,10.718944648576686,16.0364192078634,3
2025-03-25,13.215630664631433,10.590195310632843,15.68613890248359,3
2025-03-26,13.316403780876888,10.789438376539643,15.934471790569113,3
2025-03-27,13.21203960447841,10.514322387760206,15.639960157582644,3
2025-03-28,13.065907746188804,10.51830892618111,15.498689200208755,3
2025-03-29,12.942040829155445,10.432657152100408,15.47022943395279,3
2025-03-30,13.740365559303038,11.141187715591206,16.38243026517495,3
2025-03-31,13.473500455812042,11.089303872002525,16.09674886582858,3
2025-04-01,13.170940123451773,10.627442245057708,15.857554250967121,4
2025-04-02,13.218586883746125,10.697305995337668,15.789161396346918,4
2025-04-03,13.058428199774083,10.491727540502938,15.58980808862076,4
2025-04-04,12.855182158841286,10.20186543363565,15.402414720801662,4
2025-04-05,12.674266571731053,10.22054325957575,15.047250407142165,4
2025-04-06,13.41699066946226,10.946868533787184,15.744316182798983,4
2025-04-07,13.097313734085304,10.630052842892198,15.74381999995393,4
2025-04-08,12.74599166935558,10.218725070661312,15.218518762036627,4
2025-04-09,12.750073407818798,10.348623659715146,15.361379124397688,4
2025-04-10,12.552546592759942,10.051983858738149,15.308593325375918,4
2025-04-11,12.31895569841385,9.833602745347978,15.009297077578509,4
2025-04-12,12.115348915867614,9.614937348170466,14.629769640763413,4
2025-04-13,12.843453402075617,10.436605959578701,15.299653984508591,4
2025-04-14,12.517423675307617,9.815420385658305,15.298485261010155,4
2025-04-15,12.16798442753514,9.569830991782359,14.653220141309712,4
2025-04-16,12.18192972565077,9.424635146941087,14.968380344067802,4
2025-04-17,12.001777924483429,9.340107844488784,14.558293760995605,4
2025-04-18,11.7924051525555,9.27477399484011,14.26875697841093,4
2025-04-19,11.619013218032602,9.109280620702156,14.25275488062613,4
2025-04-20,12.382330889289612,9.92259281920875,14.861372486069406,4
2025-04-21,12.095392546671015,9.517296172403933,14.66368594663005,4
2025-04-22,11.787714568838686,9.179991949558852,14.279939012073497,4
2025-04-23,11.844830424999914,9.296217914143352,14.436316768566014,4
2025-04-24,11.707982731470922,9.155880243587507,14.264813919921988,4
2025-04-25,11.540794036294967,9.010832508841345,14.160033770739325,4
2025-04-26,11.407271081859413,8.819663528933752,13.818908036608024,4
2025-04-27,12.207040434109222,9.614453912379457,14.665798504696156,4
2025-04-28,11.952158472119443,9.296356114614465,14.537799678877546,4
2025-04-29,11.671315190752692,9.130056254454276,14.403845686218782,4
2025-04-30,11.74939199583436,9.199416614247173,14.53395872388083,4
2025-05-01,11.627171100066782,8.99493041988184,14.250300042644186,5
2025-05-02,11.468017793745377,8.966097076434249,13.982668124725814,5
2025-05-03,11.335890025019804,8.55973993091718,14.069295018106358,5
2025-05-04,12.13057304666813,9.637768225586665,14.905700943989503,5
2025-05-05,11.864482178361,9.322873512176173,14.572034401786366,5
2025-05-06,11.566853377463003,8.969915163994653,14.080659066331707,5
2025-05-07,11.62328221556329,9.011844254377134,14.088672918893293,5
2025-05-08,11.475409451778415,9.009506715313448,14.218041555091181,5
2025-05-09,11.287575207133663,8.748983773182434,13.852795384947015,5
2025-05-10,11.124797030806436,8.365946633729274,13.812124572367491,5
2025-05-11,11.887970571446814,9.301433377333106,14.53938609043821,5
2025-05-12,11.590636930846749,8.985062468405093,14.150239655559647,5
2025-05-13,11.263137462659095,8.7181896048727,13.869325038573393,5
2025-05-14,11.292117692924286,8.776553449494344,13.817711247264212,5
2025-05-15,11.120179610869442,8.491169511671664,13.758306097580943,5
2025-05-16,10.91250533836237,8.325530781217358,13.834642392966385,5
2025-05-17,10.734808389870505,8.11410061410998,13.199698982066703,5
2025-05-18,11.488512046936723,8.797863454416225,13.984844355811207,5
2025-05-19,11.187499601047188,8.588850312435953,13.981490654167665,5
2025-05-20,10.86225774991746,8.201725848560763,13.402487906951682,5
2025-05-21,10.899375176588789,8.409650387996669,13.458185047215853,5
2025-05-22,10.741195732123977,8.046913370111653,13.374336919517908,5
2025-05-23,10.552449217261673,7.920554300081596,13.237484144450123,5
2025-05-24,10.398215776535766,7.814618390489218,13.119369659728656,5
2025-05-25,11.179123051106435,8.736742531625644,13.767201580715925,5
2025-05-26,10.908120297697826,8.306963148826638,13.520128252179436,5
2025-05-27,10.614650059672554,8.132801848737543,13.31941338343757,5
2025-05-28,10.684178588162922,7.978783925689679,13.31035382768677,5
2025-05-29,10.557883494752348,7.799393974261124,13.317711405809915,5
2025-05-30,10.39932061108441,7.859665595726058,13.030272073743928,5
2025-05-31,10.272424998343295,7.561210530492258,12.835662389978385,5
2025-06-01,11.076744162930927,8.327311766712548,13.714973447239789,6
2025-06-02,10.824246608429322,8.007208185885805,13.420717180133073,6
2025-06-03,10.543525276898132,7.979968101447694,13.282697036424445,6
2025-06-04,10.619356119028431,7.94911700743927,13.459624584101906,6
2025-06-05,10.49240941908865,7.998695841457393,13.033427321443995,6
2025-06-06,10.32593512266215,7.748626107230439,13.14233358769765,6
2025-06-07,10.183776532305124,7.396113822038845,12.888064192458753,6
2025-06-08,10.96561001656742,8.495195138044021,13.63555175911158,6
2025-06-09,10.683753630833007,7.916367440768583,13.285025510841544,6
2025-06-10,10.367364157811142,7.540357884325042,13.033147719135387,6
2025-06-11,10.401982950200281,7.704172577588758,12.982726406820138,6
2025-06-12,10.22922852903088,7.526505463587188,12.847272838471348,6
2025-06-13,10.013457688648193,7.361680184703387,12.690959632868768,6
2025-06-14,9.819750137837781,7.184331129318713,12.397726523138589,6
2025-06-15,10.549115129352105,7.999640736738852,13.297084088057362,6
2025-06-16,10.215263902674199,7.461344540149749,12.955784123887256,6
2025-06-17,9.848768467181662,7.14528999741989,12.811167272522335,6
2025-06-18,9.83656819161008,7.224567814303822,12.50684091331579,6
2025-06-19,9.621623269279361,7.042333286354821,12.298091714264643,6
2025-06-20,9.36953792697846,6.681936025071075,12.051098667954372,6
2025-06-21,9.146509492533912,6.3970356421605015,11.723678077228334,6
2025-06-22,9.854502796350669,7.03949660376444,12.57455222184503,6
2025-06-23,9.5079946628113,6.81026947655286,12.318478827256907,6
2025-06-24,9.138109831006329,6.450129926345892,11.777575185271754,6
2025-06-25,9.132110440751385,6.506622438015567,11.911028929765436,6
2025-06-26,8.933038661896122,6.403232322041682,11.634797031423235,6
2025-06-27,8.706335667057848,6.118568754811232,11.405803549694555,6
2025-06-28,8.517793209023349,5.59014959307023,11.28084467782126,6
2025-06-29,9.268737234033189,6.819387107896844,12.132263317986672,6
2025-06-30,8.972788053440583,6.292149011214331,11.556250414580031,6
2025-07-01,8.660017997046758,6.052086792759794,11.36796973882892,7
2025-07-02,8.716468096764864,6.067075368217897,11.709919145031956,7
2025-07-03,8.583822636863765,5.74060913047061,11.431368922326532,7
2025-07-04,8.426063895496224,5.879846457104947,11.228957830883278,7
2025-07-05,8.307462354656696,5.573846020117259,11.22081415081184,7
2025-07-06,9.12780074464007,6.37972128406202,11.725869017942836,7
2025-07-07,8.899175329551392,6.0513930258394275,11.655603059721967,7
2025-07-08,8.650194221859946,5.932669908811084,11.384411654410503,7
2025-07-09,8.765533152106048,5.851327309895347,11.637421862149885,7
2025-07-10,8.685646451715854,6.082639390864096,11.435511018051747,7
2025-07-11,8.573454570036949,6.193630513884088,11.318074318657684,7
2025-07-12,8.492362501848614,5.652719666611729,11.363441958456164,7
2025-07-13,9.341506718471912,6.502802309767765,12.04265982677693,7
2025-07-14,9.13257338544931,6.394200997343595,11.82176014946362,7
2025-07-15,8.894007197829763,5.95483580876262,11.879955122006782,7
2025-07-16,9.010570981145847,6.220391110304196,11.705509639534352,7
2025-07-17,8.923053724380747,6.337665351690947,11.46870874889903,7
2025-07-18,8.794948462680292,6.308793996294066,11.482124203880833,7
2025-07-19,8.690454667768176,5.879194491799943,11.505108543933606,7
2025-07-20,9.509703197315844,6.856171664771107,12.185491609452495,7
2025-07-21,9.265547207415368,6.561630666806204,11.937362771152952,7
2025-07-22,8.987739125224504,6.359289534568128,11.80648079263538,7
2025-07-23,9.062454718798561,6.404427451895439,11.925216683417862,7
2025-07-24,8.931962916731678,6.108170054912345,11.780749728553651,7
2025-07-25,8.761263850933748,5.7836007718827185,11.738133917345825,7
2025-07-26,8.616050875576214,5.695758074135286,11.529793254465963,7
2025-07-27,9.397895716924744,6.619306333432353,12.320566025398065,7
2025-07-28,9.121001239371953,6.399422946759352,11.744089807574474,7
2025-07-29,8.816342953265067,6.053606068135769,11.685905094488522,7
2025-07-30,8.87116124909471,6.0126655976384935,11.737530632382647,7
2025-07-31,8.72860385109059,6.012357807649906,11.744809791505016,7
2025-08-01,8.554341674288992,5.65348996195155,11.364450675277983,8
2025-08-02,8.414514399766874,5.5452529092731,11.179433289256101,8
2025-08-03,9.210905321206631,6.472378664209226,12.048751562724435,8
2025-08-04,8.957690172985567,6.090030656459429,11.920194648707911,8
2025-08-05,8.685581112076639,5.924875526462903,11.453648849222384,8
2025-08-06,8.781327706863362,6.189651435642626,11.578295281136148,8
2025-08-07,8.687374121649858,5.747635846027219,11.475497859653833,8
2025-08-08,8.56849521382357,5.683535596645335,11.36127993145478,8
2025-08-09,8.489767243227398,5.811041349542464,11.539238725017952,8
2025-08-10,9.351772002344973,6.335247676763102,12.095157128768152,8
2025-08-11,9.167378225842384,6.6987602202691034,11.773556811736286,8
2025-08-12,8.965920518092696,6.273609041100149,11.751158781039216,8
2025-08-13,9.132736663365137,6.309978215645572,12.005923362441422,8
2025-08-14,9.108861492751362,6.1629958713746635,12.09758424044784,8
2025-08-15,9.057699012828142,6.021168311158147,11.852496023659024,8
2025-08-16,9.043027515082594,6.363957161975964,11.768118173216857,8
2025-08-17,9.964235552927924,7.066627258431815,12.921940955121453,8
2025-08-18,9.833131807428513,6.8196905580911755,12.755805045080583,8
2025-08-19,9.67814835008381,6.678802741809942,12.68859411162285,8
2025-08-20,9.88389756350745,6.887283587835435,12.713340236998924,8
2025-08-21,9.890880432590041,7.235518154336641,12.786475653492749,8
2025-08-22,9.86216760302793,7.182233371757678,12.89437685273675,8
2025-08-23,9.861407778537991,7.114766796147246,12.924274719861147,8
2025-08-24,10.788061358240077,8.040499787973548,13.801058506039544,8
2025-08-25,10.654202509688924,7.8553304598929605,13.46911334862356,8
2025-08-26,10.488709512768228,7.467621738945951,13.361782328448836,8
2025-08-27,10.676804103082045,7.602040545396057,13.572228663270579,8
2025-08-28,10.659738120517844,7.816305438424609,13.761356695189185,8
2025-08-29,10.601449559366376,7.656327087806505,13.440078445528789,8
2025-08-30,10.566543375262146,7.880375875668897,13.600218897255788,8
2025-08-31,11.455495794812713,8.477449719545579,14.408193246454138,8
2025-09-01,11.281426202711513,8.26703395955391,14.19388251381939,9
2025-09-02,11.074257329506068,8.284326069509039,13.858119163831491,9
2025-09-03,11.22022533922717,8.204661295056235,14.423374841942152,9
2025-09-04,11.161538950358329,8.460306152047526,13.968852553210697,9
2025-09-05,11.063010448055874,8.10226926385057,14.135918813045823,9
2025-09-06,10.990014616521567,8.36445106031718,14.123599327706438,9
2025-09-07,11.843674904827557,8.897939333482128,14.465690980560915,9
2025-09-08,11.637621347060119,8.572636754902934,14.638313481653189,9
2025-09-09,11.402141273318971,8.430286675035303,14.285136460775421,9
2025-09-10,11.52368458434497,8.6777686087002,14.67380278241485,9
2025-09-11,11.44452275417127,8.522351688459816,14.347817539750173,9
2025-09-12,11.329384308206851,8.301213608958001,14.321532195398893,9
2025-09-13,11.24342255965226,8.47014684407809,14.365587469635193,9
2025-09-14,12.087414545481634,9.061779462822587,15.167254870269446,9
2025-09-15,11.874535198128822,8.882353637357152,14.806415535506835,9
2025-09-16,11.634527208596726,8.570957894670274,14.59407373856973,9
2025-09-17,11.753227696060854,8.963123765603482,14.643514301825077,9
2025-09-18,11.672250135007522,8.74327112052514,14.885844670784186,9
2025-09-19,11.555643541188955,8.575337057066196,14.51322503290229,9
2025-09-20,11.467883943623388,8.376876173654779,14.564651164940257,9
2025-09-21,12.309096342141954,9.365254527180847,15.443803562026813,9
2025-09-22,12.091850481412008,9.218135333180854,15.116144835786404,9
2025-09-23,11.8453502497876,8.912929772462421,14.628199723735893,9
2025-09-24,11.954977247485372,8.961357547995219,14.882672172043149,9
2025-09-25,11.861986498156337,8.86982524317363,14.84305900759126,9
2025-09-26,11.73017593494042,8.827378901460156,14.624075690733473,9
2025-09-27,11.62388443487048,8.50857819673963,14.636706575151413,9
2025-09-28,12.443216470820929,9.400800970679738,15.668329116252782,9
2025-09-29,12.200836706781628,9.37792760746224,15.3179466457378,9
2025-09-30,11.926154463294614,8.968259549395551,14.869487140987722,9
2025-10-01,12.004858834029976,8.861557376627683,15.163639560919565,10
2025-10-02,11.878602772923243,8.795552579242344,14.931863246352433,10
2025-10-03,11.711658224589346,8.682239689240827,14.682151239337713,10
2025-10-04,11.568897594528984,8.539385618452764,14.562941038968717,10
2025-10-05,12.351000213965943,9.382442432332782,15.483386260506874,10
2025-10-06,12.071227754339112,9.18105778362242,15.140552591629165,10
2025-10-07,11.75958917011634,8.790591614523462,14.794055955070572,10
2025-10-08,11.802356604218172,8.75090861106043,15.104601500411698,10
2025-10-09,11.641731208807581,8.655233103547262,14.953465106226922,10
2025-10-10,11.44248154755989,8.604967063199037,14.429517851182723,10
2025-10-11,11.26991041013226,8.289351443619656,14.353443354117784,10
2025-10-12,12.025049152133484,8.845369961574704,15.272286325423922,10
2025-10-13,11.721423884009555,8.653294837276881,14.851201045208047,10
2025-10-14,11.389214354534358,8.07463994519684,14.524719531236936,10
2025-10-15,11.41476712112473,8.236942654780567,14.544114885581136,10
2025-10-16,11.240262004143807,8.228925442913532,14.369969519619575,10
2025-10-17,11.030354421687031,8.201051631508367,14.442474851874751,10
2025-10-18,10.850149255084391,7.5140103770766595,13.996289213843713,10
2025-10-19,11.600405073731883,8.721171322292495,14.677737068286238,10
2025-10-20,11.294312663891608,8.122695519548449,14.404148601045783,10
2025-10-21,10.961668247470909,7.7930291231916335,14.191409900022547,10
2025-10-22,10.988402458054782,7.811581001528613,14.198703644720393,10
2025-10-23,10.816263499062599,7.67415318294621,13.737801888340247,10
2025-10-24,10.609476480110846,7.771360266252315,13.848040624447803,10
2025-10-25,10.432733973618758,7.354735218058833,13.150176254883657,10
2025-10-26,11.186416024616022,7.950825485467311,14.566389238044506,10
2025-10-27,10.883382995441863,7.772191964267708,14.084729144229117,10
2025-10-28,10.553161119939148,7.469343746968458,13.864938224883474,10
2025-10-29,10.581481391900093,7.390410045426516,13.681156262149413,10
2025-10-30,10.409969854015086,7.255629109178053,13.706490791661752,10
2025-10-31,10.202811020982725,7.009907459749619,13.188201659549273,10
2025-11-01,10.024739321680745,7.077355644490642,13.255607655397775,11
2025-11-02,10.77625674739464,7.653015424256851,13.725559297388303,11
2025-11-03,10.470420154883069,7.466097066756868,13.793103831699272,11
2025-11-04,10.137018277501873,6.958969508074558,13.41298254573578,11
2025-11-05,10.162099354018016,6.954392389788331,13.678665884843797,11
2025-11-06,9.98764782354541,6.854816959895531,13.160038051858395,11
2025-11-07,9.778232287729441,6.678934811503024,13.041609942491364,11
2025-11-08,9.598980162886745,6.4719926209092264,12.809567856843568,11
2025-11-09,10.350777799757417,7.073364521194745,13.71246251598999,11
2025-11-10,10.047040143964125,6.976560355553864,13.204625381478586,11
2025-11-11,9.717870627863446,6.675429791779815,13.160242347698805,11
2025-11-12,9.74957283273983,6.479595014855687,13.108334173473244,11
2025-11-13,9.58431297000589,6.516133531739244,12.988008797868815,11
2025-11-14,9.386755933217078,5.994902405896003,12.647715387018724,11
2025-11-15,9.22203082579009,5.894998860797924,12.517699243873711,11
2025-11-16,9.990925138759714,6.924785953728043,13.238087265247232,11
2025-11-17,9.706651948520769,6.679118382315572,13.019763530953735,11
2025-11-18,9.399011010786069,6.146902653503834,12.51001083766146,11
2025-11-19,9.453905356142162,5.9967480932496295,12.78866577109468,11
2025-11-20,9.31301237897446,6.041199800237343,12.852870689574704,11
2025-11-21,9.140431991005553,6.026131131896324,12.542772256712166,11
2025-11-22,9.000667443864215,5.902579229788439,12.259570913599,11
2025-11-23,9.793837582110566,6.653077547988225,13.014714141681322,11
2025-11-24,9.532464382578725,6.354965677618704,12.870677341525663,11
